,max_error,mean_squared_error,mean_absolute_error
1,4.946911775276645,11.531268241002898,3.2586559441133405
2,4.945947505471605,11.23089494073984,3.196084667883021
3,4.9516531277167815,10.973215163390572,3.141701673200459
4,4.9449278920211315,9.99141405497028,2.9439727813740886
5,4.946857346248251,9.257679089136536,2.7768229693233857
6,4.94488183376542,8.467073357399606,2.597214440120653
7,4.944978209451707,8.045629432507326,2.4901464317356163
8,4.946734963973195,7.98823305004186,2.465891364315055
9,4.944794801315601,7.660412392271903,2.3884108187647954
10,4.945740321052018,7.279960572484242,2.2818565356579783
11,4.945630443765287,7.100933185916607,2.2342129418311094
12,4.944542612004903,7.159034698676985,2.2478043800683176
13,4.946676040283578,6.9142063595984435,2.173080168103881
14,4.946615348099181,6.818918349792585,2.1473711682031382
15,4.9429192293671065,6.50812189420408,2.0643418952500636
16,4.941678205836926,6.283730369329239,2.0034864506044676
17,4.945088025275277,6.290343723739628,1.9919450993570536
18,4.939185347419419,6.017452467908573,1.9290229132640009
19,4.946291976298477,6.166713274461598,1.9451244866958903
20,4.939795868700381,5.998498451630166,1.9112785772616274
21,4.942758441137794,5.969531957003399,1.893299503356432
22,4.939823029798101,5.679206756763104,1.819029828803411
23,4.942991377338487,5.911611898773107,1.8816946976367268
24,4.94365158394469,5.92154239271512,1.8753313493002821
25,4.939767370611303,5.701453263506646,1.824977644801703
26,4.939848782699609,5.668874332843548,1.8160763505459216
27,4.937443606510533,5.470081881157011,1.7613038647652905
28,4.940231645468858,5.689558243801561,1.8205153199956177
29,4.937565077751552,5.40332564028891,1.7336719596877819
30,4.940269849206491,5.496879975281735,1.7575599852979313
31,4.940669946167021,5.672736944320173,1.8130327041425012
32,4.942975415424025,5.457561399262706,1.7356538057079116
33,4.933030387425969,5.219381315590146,1.6874524340233725
34,4.93853273119725,5.2485597422022945,1.6875971489575021
35,4.9354546041338,5.260974373733179,1.692856846621399
36,4.939810071164387,5.484532278126414,1.753563222372822
37,4.937406939765321,5.239280576122111,1.685988156094853
38,4.939883632845647,5.244084936661114,1.6752877769831007
39,4.93652494489844,5.1818867069253995,1.6649527281621448
40,4.936957781864721,5.094097750983051,1.6393809687169496
41,4.93597686769139,5.105621697492473,1.6396734396926762
42,4.936843662911348,5.124316680590153,1.645462390219243
43,4.9371539902965464,5.084333897367583,1.627652840047877
44,4.932449504542324,4.948422794572991,1.6056747208989388
45,4.936995806867716,5.094389087144011,1.6350403826851603
46,4.935810698597308,4.9246876628661225,1.5859652928895218
47,4.936137235658254,4.95792293862455,1.592381443581037
48,4.92924015025878,4.900165665891976,1.595528816601248
49,4.931305670246131,4.7582772307595915,1.5415172520388494
50,4.931880952426804,4.875517639425251,1.577304416737082
51,4.93347439225716,4.746323032670944,1.5310703216589208
52,4.933379159578838,4.820379228103295,1.5490499130016284
53,4.934972865772022,4.789862633040134,1.5375036746643893
54,4.9363632115575475,4.9069099539109455,1.5753648065936379
55,4.930628329748378,4.740386668759768,1.529945750089207
56,4.93219192034728,4.745019238700608,1.5267569255315856
57,4.932388194234336,4.794523695332745,1.541411978380015
58,4.932802909988058,4.632673811459041,1.4892985086714001
59,4.9216085175173045,4.4893564164340765,1.4771812327240255
60,4.927621564629992,4.516857349102002,1.4539954007935105
61,4.937069586031134,4.709844110396095,1.5005668840067155
62,4.931849657778394,4.564822747190104,1.4734555953594068
63,4.928851110500203,4.526569519588132,1.463679856989888
64,4.9259133092185525,4.421940950518892,1.4260608900239913
65,4.932477535749254,4.531556976149921,1.4448207686204384
66,4.930123732792665,4.5627923867805835,1.470906509898453
67,4.932693363550164,4.571958121525281,1.4470739138301985
68,4.927215538141703,4.346090168436035,1.3960491863169173
69,4.928615248339822,4.403515859691125,1.4133919736989962
70,4.929082514594468,4.413009315644228,1.4048237887993131
71,4.927554349149002,4.295216534939925,1.381342620591082
72,4.925427653650797,4.385680044174554,1.4093705114060655
73,4.921215343977329,4.2403281600960305,1.375314867522621
74,4.923469327832839,4.299764489135927,1.3839958826850582
75,4.92816630197797,4.384707910435378,1.3905962208576725
76,4.929446905635369,4.357748815306149,1.385996815383235
77,4.925969412527596,4.328522937359824,1.385464295470281
78,4.925488391293433,4.2835549048434505,1.3608807403836753
79,4.926331688863505,4.394381258614151,1.4123023243864834
80,4.921461291515893,4.161387519191823,1.3222242590179227
81,4.924186112484865,4.310565356592844,1.3745057231762308
82,4.927013398026122,4.2429506069097975,1.3501201193686179
83,4.91580904404265,4.061975052733971,1.304287819105555
84,4.91683292088489,4.089446247317944,1.30861622579937
85,4.9218587528531845,4.161119560736984,1.3232594427762316
86,4.917352307496441,4.0914398697875525,1.307779819653599
87,4.923475070768112,4.223559306229868,1.3369760203977454
88,4.923292539795911,4.18057177268093,1.3160809643769977
89,4.923395897652132,4.1587931306077754,1.3160806848817999
90,4.923879018495357,4.145936436998408,1.310238826556407
91,4.922545291542031,4.109896215743688,1.3081318471212176
92,4.919585594239323,4.056820618725733,1.30047947820983
93,4.9225736752368645,4.098717270107656,1.3003921681276316
94,4.915973200413457,4.0152401312016135,1.2637180730628523
95,4.917409169271996,4.085158145639244,1.2841107423906903
96,4.92246030849815,4.091467827260691,1.2928188968291083
97,4.920293719953059,4.033632914837783,1.273080914451849
98,4.914571641528294,3.9786468595108486,1.2703697516306889
99,4.917774271865872,4.018654918034032,1.275165577504907
100,4.918164623368565,3.9683729119232627,1.2539853838916892
101,4.915819316101755,4.026297516987248,1.267084235718618
102,4.916876994495397,3.880782065203248,1.2252546187466844
103,4.913279584206524,3.9146477774399626,1.2423198805980207
104,4.917808400106739,4.034774848003114,1.2598539666849597
105,4.91840475828369,4.019643065060535,1.2578836546513614
106,4.919558293900157,4.017098232914524,1.2608883972981542
107,4.918728881506334,3.9547917891852906,1.2294174948209922
108,4.9125495877173,3.869272878972482,1.211991261635318
109,4.9232312785563295,4.016467746637082,1.2572241129063855
110,4.914924140903695,3.89241066362146,1.2160015002038986
111,4.918231577811241,3.9408965165748686,1.2233099233045157
112,4.911419130578969,3.8518021063200316,1.2072969704193333
113,4.9174349654503935,3.8877224466062392,1.2257383158368866
114,4.9160677545734695,3.952069773734358,1.2308783854215442
115,4.914938632620358,3.9165539594528536,1.2233027452205787
116,4.913157110777882,3.8593176748739726,1.2086212488842563
117,4.919571885935887,3.973445269768907,1.2268542016521997
118,4.916154485805188,3.865117504626994,1.202010309052973
119,4.909235981350344,3.7472367810272327,1.1782394565442345
120,4.925011792240267,4.027933655942352,1.2332707242988368
121,4.914667518801697,3.839777829031928,1.1988643313895753
122,4.916079028356247,3.8795305875140613,1.2065555630590405
123,4.909771983459874,3.7851928288842798,1.176823867691727
124,4.9200299026036225,3.9581874736061264,1.222366261123423
125,4.907283456984778,3.7309069278446896,1.1680641227596726
126,4.915006990672504,3.8203560719349965,1.19041842412284
127,4.909195313840189,3.724525036738656,1.1652526012243836
128,4.909364332247628,3.765105950713467,1.1764635540933854
129,4.920131518728687,3.8955689344207327,1.2027500618038605
130,4.916416240020484,3.856876252331543,1.190046771184021
131,4.908785179939602,3.7103095652947844,1.1608559572106494
132,4.908652586046618,3.6805054223333986,1.1511104925667417
133,4.915316867931702,3.831146494172463,1.1797884184408534
134,4.9066400694957535,3.6852070044126655,1.1479632235133543
135,4.912464675952089,3.7865829234809736,1.1781005668485702
136,4.9109104773020125,3.7286839805566196,1.157589446648129
137,4.919115281584251,3.8716397338534376,1.1885326668290463
138,4.912141117348614,3.7812928529543535,1.167933676965351
139,4.9107855135485226,3.714680675778303,1.1494778142468622
140,4.915174244339821,3.8392793024314282,1.1848372800591513
141,4.908736030905308,3.745819505776969,1.1645863655718303
142,4.911296992679549,3.7228505787980932,1.1539735153666248
143,4.908518354080437,3.689341371974494,1.1470726282324015
144,4.910535073124125,3.7606337501616025,1.164018792612294
145,4.906332321200608,3.68150583712981,1.1451244933452671
146,4.910719031399565,3.690438679297151,1.1480327719426886
147,4.917978724154945,3.847066698424121,1.1760421273961659
148,4.9114815076941785,3.7295027710595408,1.1543810379312516
149,4.905319059126512,3.604195277886071,1.1252926868793525
150,4.9104205263249145,3.696720381812836,1.1395594387827896
151,4.916950851680027,3.88170363099731,1.183705316064304
152,4.9045094200683454,3.6442769409025675,1.1342760896434494
153,4.911508168925392,3.8029368436289035,1.1644710294399514
154,4.9134866267171065,3.7618305668520304,1.158977634797605
155,4.909019901540519,3.7489116347277585,1.153868679861718
156,4.916156842752023,3.8050610601737933,1.166208207440222
157,4.914129899710504,3.7306881840693156,1.154466195761965
158,4.908829268561364,3.652970652803236,1.1340838755588867
159,4.899397365763858,3.5530836622757422,1.1097760237111791
160,4.906162801575931,3.687355166676534,1.1390971719433753
161,4.909696133267561,3.7107603200963672,1.143206538588146
162,4.906051436033691,3.689655058622563,1.13801742712033
163,4.905950924130622,3.6003657426507902,1.122944223321531
164,4.9099980967963655,3.6751410656633867,1.1352000015352555
165,4.911607979851422,3.719935848614082,1.1513990514633692
166,4.912723651444659,3.73381276498145,1.1444609742869871
167,4.91451806690001,3.7926626481560124,1.1575464578906902
168,4.906541753405196,3.708735360688581,1.1452297128064812
169,4.910224332807062,3.704948509657469,1.135822624547571
170,4.910396029271918,3.719307070995602,1.1423582090024387
171,4.912992607708225,3.7140944096992157,1.137125268109135
172,4.905155423522341,3.5467494842860727,1.1114028846774096
173,4.8933686750225815,3.6027358936483935,1.1166190045085207
174,4.909890323658291,3.565912226067325,1.1172677629436536
175,4.911767457162247,3.746293056199277,1.1527733878650166
176,4.903965841306249,3.5771624001412787,1.1069041406898235
177,4.907287877684146,3.5745442873681577,1.1069457927278996
178,4.9155717331453515,3.832492979515545,1.1615136769767191
179,4.9083980667483464,3.654500841532233,1.1262804448534738
180,4.910202935357769,3.6569619476887194,1.1266303172513585
181,4.911153254203829,3.723580545400621,1.140766233156298
182,4.897705735147286,3.5290078550931345,1.1016733475224398
183,4.909247834636711,3.6944068691987204,1.1373023187665818
184,4.910410302994301,3.7143586102334187,1.1364733427743197
185,4.908621557631567,3.6679234055953924,1.1258243276630937
186,4.905910619792894,3.639527615013034,1.1170543798065102
187,4.900180557199065,3.5082066254356676,1.0909777571117965
188,4.90862070439141,3.582130098306722,1.1127724674253452
189,4.906906416945801,3.685494983851134,1.1309635557331303
190,4.901014443684421,3.5649255901080945,1.1032438736445058
191,4.905153362122607,3.6400825511516257,1.1176889815695625
192,4.896533990879033,3.475462298716505,1.084284075583724
193,4.904799820421497,3.603547165514983,1.1118936352951432
194,4.907192961335824,3.7157892106519177,1.1303316957955296
195,4.905291570626739,3.583147746798414,1.1015761199377938
196,4.902919166233729,3.421073190798547,1.0691032061009398
197,4.899570729200633,3.4239078703166554,1.0764972119126894
198,4.899446648941419,3.5196728198900513,1.0868022308028968
199,4.91073624889587,3.6129402392598022,1.1101559416360574
200,4.9079862897837785,3.65119054904769,1.117399709333841
201,4.905275184833772,3.630434274609985,1.115743485142222
202,4.905529937625385,3.5498698820584886,1.0956014960722062
203,4.900156810158848,3.489307789923904,1.0858561930630928
204,4.904446996392505,3.527125488489436,1.09084269763813
205,4.901270405453212,3.4610983845093557,1.0764146332699456
206,4.904141994925072,3.6220258487524593,1.1084097048710346
207,4.909093555846692,3.6579235390395715,1.1189638295584572
208,4.892669957879267,3.520112801811542,1.0893735674328866
209,4.9031669361992165,3.5019598368968308,1.0824270762508978
210,4.903386823849252,3.52228874127393,1.089174479508757
211,4.905214952551504,3.549463573848807,1.0943065775088765
212,4.902466211702948,3.5998874830835996,1.1067135691226313
213,4.898886482070392,3.4833708412796893,1.0765737217224338
214,4.910281160965538,3.607709738386292,1.1089823690629943
215,4.905903209292797,3.591017026129736,1.1041608540399281
216,4.9008532452395075,3.399147967340815,1.064336545513243
217,4.9016434899538215,3.4464562793137636,1.0757940166162465
218,4.910224273653378,3.673080126330866,1.1184751263267527
219,4.907151951349812,3.4596872752898067,1.0720824187141036
220,4.901665416791028,3.4314150734935227,1.065371162509634
221,4.909632061791442,3.4787742809335245,1.0777650180315403
222,4.8957616171508525,3.526440986007453,1.0846749271921496
223,4.903052615100211,3.3599436614486384,1.0482545444300622
224,4.907203465624652,3.5329705537504412,1.0901710634257105
225,4.9024018743609465,3.5462065264028344,1.0895773617600353
226,4.901444998002631,3.3840611377301926,1.0515247406589623
227,4.90348353072334,3.5277238583260697,1.0897546302442094
228,4.899486674023252,3.3718460761035556,1.0510055575880903
229,4.903726830892782,3.5982716256838376,1.0949085498738218
230,4.907206066693278,3.6278761469946885,1.102446886503809
231,4.9069359525366325,3.5972569159370953,1.1035837390149095
232,4.903664578210321,3.4725391868031523,1.0716104506984163
233,4.896258224860824,3.3141172555238607,1.03944438260551
234,4.899971925653997,3.3887742342254534,1.0520901372624702
235,4.904004921398694,3.5119619656748857,1.0831305266493907
236,4.904597615417447,3.5709541842899393,1.0897640194736364
237,4.905667959489315,3.5293179942928563,1.080738750891036
238,4.906853019170671,3.5546068388842893,1.0907446685414661
239,4.903596673249861,3.4036454991476606,1.0512482187467875
240,4.904329882984468,3.3900896223226633,1.0551268721029576
241,4.900528843689025,3.406572687066746,1.0572516566368204
242,4.888523960449619,3.403382916450333,1.05253391250123
243,4.904646445665812,3.551205332031986,1.0885139651169946
244,4.904021009511083,3.3975238969093553,1.0548497581413132
245,4.903160599710595,3.517454260267669,1.0812215311059832
246,4.9030632089717905,3.537882557476479,1.083431849268593
247,4.898717935189053,3.3660457958675347,1.0462776558055826
248,4.8992094956942385,3.367481571954669,1.048706867650459
249,4.904869362765621,3.440760192076571,1.061388880262341
250,4.899605631967555,3.3722226507519526,1.0466603181426357
251,4.897215329478261,3.3940613476508203,1.0491773086235445
252,4.902168794101349,3.4357843523390135,1.058107385732844
253,4.903663340432928,3.4183887690885726,1.052362786294439
254,4.904167512002287,3.4383739007768543,1.0633428476799967
255,4.8964192113377605,3.372712028348633,1.0473068023379795
256,4.900196579893731,3.4429652990210386,1.0678117756893475
257,4.897406770675576,3.3322189717072623,1.040539500329254
258,4.901420685648532,3.5022826704146395,1.0684538543544655
259,4.893714062690864,3.359413721799413,1.0445229093635275
260,4.900689575091121,3.387370989666994,1.0446227774703791
261,4.902731606878503,3.3373597776575736,1.0358499754971768
262,4.904379821394257,3.477670842050697,1.0685458220328812
263,4.906995731845672,3.479631908499387,1.069462995255806
264,4.905140190586413,3.5219347678006225,1.0706563857744498
265,4.903634117145727,3.481472042892753,1.075552245252538
266,4.901819877849621,3.316265785623526,1.0311846579313253
267,4.8980558221551265,3.3438178582379714,1.0350421062429784
268,4.898616062973699,3.330858731636039,1.0367990366526407
269,4.906657701777021,3.4167594060222837,1.0551756649364763
270,4.903649794386651,3.3664392122198876,1.043348469995787
271,4.901715552468487,3.3779624128647767,1.0456876085191402
272,4.90036201995648,3.3444315724865676,1.0385006682211009
273,4.901839782848153,3.4985285875309,1.067493414817725
274,4.900565040659775,3.478916064632307,1.0630943519561
275,4.900633517806313,3.3378160796449228,1.030787795605969
276,4.901508632110681,3.377302165148799,1.0434189161829472
277,4.905514163989664,3.46091434800103,1.060432696357712
278,4.9013044713025185,3.317581017907482,1.0248876776791949
279,4.888121990520114,3.3218150985663204,1.0288070702708818
280,4.902146084193145,3.2884805524287746,1.023091658772765
281,4.885179852265102,3.3973619336303265,1.048215647947452
282,4.903517181794938,3.384937780017357,1.042034146366853
283,4.9039565813685515,3.419603954918816,1.0496553807389588
284,4.901179135341702,3.3957359284016704,1.0500296103329705
285,4.898360959524829,3.3310337728305695,1.0361235397070028
286,4.89605063315452,3.36887815600459,1.0400629780073836
287,4.883854229000741,3.278486739167535,1.0183909765750787
288,4.890612986372486,3.5257024517392193,1.0732834046415836
289,4.8869081868887445,3.215920627792896,1.0102866675091993
290,4.902152102131667,3.352836521354795,1.0294371458154798
291,4.903658076181675,3.465253825884415,1.0617056259403246
292,4.89910964897448,3.293911925820011,1.0231196359907329
293,4.898751013854281,3.442583736173299,1.0519972045348929
294,4.903338063391004,3.2715180322436765,1.0247443769967557
295,4.893474794102192,3.196796873920348,1.0031398087966974
296,4.900173698041089,3.4134360784311415,1.0486182134533348
297,4.897346747341931,3.2100819897292743,1.0121010904737173
298,4.885222251386876,3.2342283127511338,1.0040070459791894
299,4.9050963222796655,3.266001666893179,1.0163418758280511
300,4.901012418258866,3.237282232322895,1.0117195120588474
301,4.89122448083177,3.2688532387802014,1.0147894572685925
302,4.901997992053018,3.2369433926788775,1.0114283219591367
303,4.89919798584888,3.3748409791728338,1.0404930775932955
304,4.901401986193325,3.3956586511581266,1.0448495451208237
305,4.904547638360145,3.3353038570813407,1.0333328443976633
306,4.898566437153624,3.34831591962979,1.0288846492946844
307,4.904471357135431,3.163598849000628,0.9926675008225944
308,4.9017398415751305,3.2962627298085367,1.0259139943765958
309,4.905644232019115,3.2923594798601608,1.0167807516720953
310,4.895350091440858,3.4377522461917676,1.0481931746303472
311,4.898880406063197,3.2992362538662907,1.0171977362795972
312,4.898906120775724,3.2997732520428755,1.0235984480015217
313,4.887742693750947,3.316159396613392,1.0287948610975717
314,4.898886129332571,3.372370504758566,1.037025859287032
315,4.89870273284368,3.225972826174757,1.0104780591317668
316,4.90275286960555,3.278103788920456,1.0161449527296411
317,4.898029583484321,3.2526430712480785,1.0089684240213352
318,4.896140536830339,3.2886461380383123,1.0149445325051738
319,4.8980838658708,3.4156752453880848,1.048673234272336
320,4.902443892889267,3.1733972370523817,0.995641082727504
321,4.898903977791523,3.2403423225144987,1.0082880778046344
322,4.900245751576287,3.2596638264498177,1.0131149418466376
323,4.903079193353037,3.378368807333425,1.0377980210872537
324,4.892734431667933,3.1909738341697986,1.0000354280309387
325,4.902093037050604,3.2481913314661264,1.0073651791862115
326,4.899659777445236,3.1744060141601937,0.9945456171576937
327,4.898147876363767,3.3775116323404926,1.0402667688685379
328,4.896189968678495,3.375683676913554,1.03354930609072
329,4.898884331580532,3.241471051752292,1.008225430988699
330,4.899369055442437,3.208117152466459,1.0060953152795051
331,4.894805172768328,3.074778473960101,0.9768501128988781
332,4.899242436039355,3.2049109519272174,0.9967853368329525
333,4.901372857118568,3.229961725491335,1.0044190241067243
334,4.897493487887268,3.2275615887307176,1.0048859036869822
335,4.899279549497963,3.1844233332552845,1.0017173183664105
336,4.903144150582676,3.215034967681814,1.0039712261698097
337,4.891436761532348,3.182972297293686,0.995264078625076
338,4.903375988094502,3.19630475764948,0.9970366964039948
339,4.9037571384842495,3.1088116386693465,0.9753927921104066
340,4.8995249116837245,3.2983925181078844,1.013158692059987
341,4.891287155066093,3.1619133999885785,0.9860681471686791
342,4.8993293003103995,3.2499352117966387,1.00760585746857
343,4.898179178758003,3.2614522773247345,1.0105056566501591
344,4.900405941138534,3.2635223240379623,1.006359202407772
345,4.88787918846668,3.1580511019567217,0.9937700993536551
346,4.900284410919758,3.157699718897421,0.9896724403831423
347,4.900034401247349,3.232757954253982,0.9993912517250283
348,4.897520834073019,3.1286444731505076,0.9822093157959988
349,4.9005647044537515,3.3364418851928503,1.021946718196986
350,4.892804349186583,3.029989334355522,0.9572849703277643
351,4.883937629497701,3.1203575356253532,0.9785899003187315
352,4.904663854965723,3.2531803489794706,1.0060370998413315
353,4.898738840192335,3.217571030100087,0.9991331085565364
354,4.901052176003245,3.093664003375291,0.9740076271367797
355,4.886091669472679,3.2429775664062395,1.0093957706619057
356,4.900775826253311,3.1299573673296583,0.9774197791432457
357,4.8916810780869096,3.167030570230295,0.9893533410122796
358,4.896669896222081,3.124722724924264,0.983018783963862
359,4.900897838120337,3.1018066740272303,0.9786616130725068
360,4.899415982331299,3.1721371209307567,0.9937817628124327
361,4.897729894530812,3.2113413081434405,1.0016485853599146
362,4.898510846730376,3.084173063679008,0.9705594421724147
363,4.897540093222415,3.2051592484969142,0.9986854960810229
364,4.89633133430994,3.166347560673612,0.9875753375013913
365,4.899054215552502,3.2402544425339577,1.0048780502018022
366,4.899811766043726,3.230257515064644,0.9998648120087339
367,4.898360381186604,3.1913638572565826,0.990922345482795
368,4.89723718001463,3.1640458242643033,0.9842674496135807
369,4.891364670914342,3.180611165391085,0.9917474238889982
370,4.892663602269762,3.0887035646234295,0.9704794525586676
371,4.897612836649516,3.10203041919732,0.9699190283803866
372,4.895113453462702,3.122255955039221,0.9767961254175862
373,4.9010299204931425,3.2299240313091806,0.9957088500447128
374,4.880936898918983,3.2091885578989374,0.9961722457877552
375,4.902558040415866,3.04649408293693,0.9639052880006151
376,4.894027210985763,3.1735618852011367,0.9871033252476735
377,4.90044664034198,3.2058079241698914,0.9894820262639323
378,4.8972107870183805,3.180504618023307,0.9903638853044099
379,4.895209706031079,3.0936565193498167,0.9709865265323054
380,4.900502833633226,3.189386566835801,0.9912550015560255
381,4.897127258473592,3.222414667092076,0.9936818059190722
382,4.898175678693288,3.1441219528122057,0.9877989732085699
383,4.899897608437132,3.145119338093195,0.975887038318167
384,4.903290501837826,3.1221487805133217,0.9782314520955092
385,4.895212913565278,3.0213942959902207,0.9588005861979764
386,4.909214028845467,3.24214451279679,0.9995173354307302
387,4.899140113702972,3.1628642001453975,0.9782190167966148
388,4.897541731620747,3.133007665000667,0.9833439594989651
389,4.8981624010617875,3.0332740423160307,0.9585644290686173
390,4.8985084812622235,3.173268057756084,0.9873799855510604
391,4.900486471874539,3.1611839762398364,0.9804348378628014
392,4.895198704109368,3.237683186635325,1.0019462988572387
393,4.890406905919753,3.0509805041452767,0.9588762890282809
394,4.879184752594038,3.0547785823236144,0.9592998193464667
395,4.900785058566781,3.167162168262648,0.982388747442545
396,4.902362242864554,3.318633337479788,1.0123608602340626
397,4.8882999839433685,3.1247142949770446,0.97652589190808
398,4.900709010402877,3.2110807639518764,0.9909033975813485
399,4.901855137244991,3.1854498533691387,0.9888766018000456
400,4.895440343998036,3.078171432817626,0.9685717797879295
401,4.897256440522481,3.0496644948604583,0.9545213575546686
402,4.8945721972801355,3.1676638867592954,0.9801224618173888
403,4.899231573186886,3.153277225529146,0.9787304284266095
404,4.898968359914426,3.013972284689911,0.9523431105122983
405,4.8942934940588545,3.01645404464772,0.9550322425265737
406,4.886455736329693,3.2800128201734973,1.0075211487960405
407,4.901371557118725,3.0343236147553667,0.9612203909006053
408,4.894851249848319,3.074989475898373,0.9668304601410131
409,4.8974540131161275,3.093868626054119,0.9713861497014757
410,4.895941330034517,3.019123972868194,0.9514085740012398
411,4.894911120975854,3.145387574813191,0.9846027876054712
412,4.895474401925932,3.035761949538952,0.9588615520474729
413,4.894937042475475,3.0104143114604613,0.9515432076668312
414,4.901800009764103,2.979006276187333,0.9390482567142346
415,4.897420573455816,2.972775044296648,0.9430758023951188
416,4.895681677900929,3.0826645982147878,0.9654200093664883
417,4.895760220596103,3.1730495437306563,0.9840834255008285
418,4.884337380394437,3.027054062261988,0.9498292396798564
419,4.897329704190564,2.9442041382917212,0.9331341092985938
420,4.898589092772407,2.98133008361931,0.9445655548493547
421,4.887195339186887,3.056509097971661,0.958537183355265
422,4.881501455287049,3.027969738724777,0.9550047570941675
423,4.896102282846519,3.095122012338771,0.968503349916466
424,4.8892054519412955,3.113549623896538,0.9698259526946892
425,4.897509716840696,3.112312248907583,0.9744996088031577
426,4.8918896518297,3.0588886091652108,0.9572615065136819
427,4.899148793400624,3.104622563840679,0.9677852183018164
428,4.894124876974641,3.136782898624044,0.9756490503126755
429,4.8958733051855905,3.111003618840892,0.9665115452098334
430,4.884654981759295,3.0552055870604664,0.9553474062051747
431,4.895740536352247,2.9667042126256193,0.9366387690497923
432,4.896206817077671,2.977078453380585,0.9430813836167105
433,4.8889874068988854,3.1736628005507512,0.9831401073115315
434,4.8987741600543835,2.97928275516433,0.9412508752298816
435,4.896412569321856,2.9988948628169205,0.9451900951774772
436,4.897737127136512,3.152956313492236,0.9840168545526378
437,4.898265207597671,3.042252585713924,0.956198373751239
438,4.897608212685744,3.1440448558712664,0.9805840702769247
439,4.886904181792303,3.0568599499512947,0.9556500024835342
440,4.899304261267134,3.0235910033595093,0.9472354511138239
441,4.901348101673375,2.9859457302839516,0.9430360400690344
442,4.893311043155731,2.9858391946231193,0.9438453948907194
443,4.897387206378146,3.0150834948861003,0.950756726092411
444,4.8978003482739325,3.0468774059800916,0.9612168725171768
445,4.881102920845265,2.9890227855758065,0.94101362391236
446,4.882832730365885,2.992984406546312,0.9416395496058125
447,4.8989416885176995,3.123060232613479,0.9730267820228949
448,4.89016046170375,3.0697105194530794,0.9612327533296214
449,4.898051580337967,3.051221684467652,0.9554585944101653
450,4.894937144850079,2.988916258185574,0.9422711346457604
451,4.882715562996354,2.912179154092502,0.9216011682890995
452,4.8946724966567805,2.909430278931114,0.9255415752912444
453,4.897017731622527,2.942452826909168,0.9359388055320238
454,4.900710947709675,3.057712192231055,0.9567834505125833
455,4.8880795252505544,2.8705505535203373,0.9231985782487624
456,4.89279363330736,2.894974966388,0.9246356928565117
457,4.8776477874952775,2.924051914057053,0.9310054880152642
458,4.89478916249653,2.864023469763113,0.9164424452585469
459,4.894223382742015,2.8994714956130307,0.9258992457668491
460,4.897450856394365,3.0221399402535982,0.950128460597304
461,4.895113490159947,2.9972240401681205,0.9410673845184668
462,4.877030067237758,2.8950321250097657,0.9287647481692859
463,4.897628106576479,2.8798352270157235,0.9189061620198842
464,4.892989719200517,2.933697589626865,0.9302868635220929
465,4.885767420926326,2.9187647409860635,0.9241228532707993
466,4.897970381215325,2.9136588091965927,0.9243454046592589
467,4.884038119400617,2.8530000012343444,0.9093188480871479
468,4.881469508543605,3.0192617430760227,0.9470434331852721
469,4.897211559370375,3.0166713812289037,0.9448012573431107
470,4.898884038341223,2.989153048729002,0.9410756429203598
471,4.903662790629355,3.016868517872802,0.9445710887938716
472,4.892871323147902,2.8062464324867618,0.8987579314902537
473,4.902460824113531,3.08615869011633,0.957751465761062
474,4.896810990131434,3.034398081960456,0.9471543424082178
475,4.896327603850033,2.957146648479946,0.9301432180267973
476,4.895920160422689,2.9379159392039127,0.9320159076397505
477,4.885011848172095,2.9243962550124665,0.9256944226424318
478,4.893703268377408,2.993518803408323,0.9386970940138488
479,4.885552132990127,2.9639191859830136,0.9341795480073944
480,4.892585405424039,2.8525985684419997,0.9139972509849963
481,4.89609054767568,2.914667736608246,0.9230657452533316
482,4.878593010880932,2.751401732338819,0.8878723264708291
483,4.895603722613361,2.9462593530174317,0.9313292068206113
484,4.876117451889049,2.6788791899059703,0.8732209131404465
485,4.893235810278702,2.901319060859335,0.9186390710237657
486,4.879251799152898,2.940799445144032,0.9377001278249388
487,4.877658736408403,3.060257491345418,0.9528139479522163
488,4.886691059973677,2.8646356542081954,0.9188341032762195
489,4.878463360892961,3.007778543660048,0.9429455768810546
490,4.893009270604728,2.829854733538442,0.9062226897863095
491,4.903130303319306,3.006846558907357,0.9450916143262186
492,4.896845708206349,3.047171735365349,0.9548035952547707
493,4.876384017026749,2.947718529777704,0.9267132276749561
494,4.881281575116111,2.9553357527182853,0.9348210089541319
495,4.878666916076228,2.7420170728657025,0.8827023837592175
496,4.880090993554393,2.8744345076978446,0.9131139672096278
497,4.893770286377364,2.790971439160869,0.8963023092020828
498,4.878712437883954,2.95441993257239,0.9386123761616931
499,4.897833895311065,2.8596678070046457,0.9065923194711167
500,4.893091555583729,2.9142050308305114,0.9265952448237518
501,4.882338713206216,2.84105171340565,0.9117340170172845
502,4.877316570785067,2.7342615339584646,0.8870641464537649
503,4.875443183732059,2.746184013466591,0.8867888096828214
504,4.88112015509661,2.8878935945931294,0.9181693622693419
505,4.8809506235125975,2.928256163608098,0.9273466880264748
506,4.890569558676261,2.806236685591967,0.8990199955727548
507,4.895257848274971,3.0134646000926892,0.9427195378141366
508,4.88031944103616,2.73044369446795,0.8810051343405835
509,4.895394734965163,2.8016877607204074,0.8998254339647408
510,4.893914518636939,2.94283692978767,0.9303748675582976
511,4.895424094325956,2.920042808957601,0.9248563240079629
512,4.874271666767409,2.705600196863566,0.8806987672463901
513,4.898807281367672,2.9471192611400565,0.9308653280463562
514,4.878339772847747,2.747381352085298,0.8848590777539944
515,4.881784786172061,2.9357425650816964,0.926731918882308
516,4.893579554206237,2.903015589888712,0.9230254899245453
517,4.886436032522043,2.865124128293794,0.9141410281924044
518,4.895593941120247,2.9440205142185474,0.927862842368744
519,4.87977361702166,2.7939707966899263,0.8954670661507887
520,4.880782097359576,2.7813268694215894,0.8979393868040977
521,4.892939382365293,2.9978460862514473,0.938840729528673
522,4.893251793104735,2.6996671832622656,0.8788691424531122
523,4.874953308438293,2.6854182075456032,0.8759578297083312
524,4.878324073443884,2.724095571546065,0.8826031701812086
525,4.893715378471174,2.82331218252652,0.9060268320860728
526,4.886645201269615,2.6865937211572217,0.8716421028744465
527,4.882341104226062,2.8115032693507205,0.8998221050332017
528,4.892288577977534,2.779528069644359,0.8937563715683172
529,4.875515848426653,2.7952660705626866,0.8945667514969478
530,4.891955651564138,2.809499556746969,0.9006981173128474
531,4.877202444241828,2.814561815468035,0.8954044627418543
532,4.884295116991379,2.7876541036793676,0.893142407605289
533,4.894153149859026,2.846392978241333,0.905786518624361
534,4.895089975634917,2.7968449583225987,0.8945439863270952
535,4.893987801325418,2.8791091984021415,0.9147457911247724
536,4.8954963154676285,2.7361937987671863,0.8837960451843703
537,4.893832477903763,2.72833337779351,0.8818713197028027
538,4.897906272941764,2.7839979159934263,0.8890986599910176
539,4.873735724162115,2.7835603321847935,0.8914106805174887
540,4.893476351475383,2.80112084145495,0.8963037813823375
541,4.8965879758806645,2.78962797921867,0.8990035276509143
542,4.892401226152402,2.7315185881188055,0.8874847346646992
543,4.876093400618179,2.7205586402218858,0.8787196075064544
544,4.8803175595406625,2.67461625684562,0.8710562854053034
545,4.89264368503049,2.921377311461754,0.924591994330185
546,4.894989355532484,2.8010086139150583,0.892001165704206
547,4.879959750369382,2.7945391126554844,0.8952323421852283
548,4.894212406335822,2.9813351077902155,0.9365598575327766
549,4.89548989707148,2.897983797652567,0.9149001381588439
550,4.875455380477549,2.7276651581151152,0.8774409089989282
551,4.893475118967946,2.740475691320682,0.8826440846631758
552,4.895258633455847,2.8382060322238423,0.9049141814354551
553,4.891574512935431,2.7764272339718254,0.8932677900592552
554,4.878043229235976,2.7688116109527874,0.8891038741299776
555,4.878057235192102,2.6912965763663506,0.8668092163909237
556,4.893517652544912,2.7483778906134666,0.8885068262677769
557,4.876377582512621,2.7902100517736677,0.8943336060747992
558,4.895335762938891,2.7866336793529407,0.8948752930569507
559,4.876373522918737,2.613379952716635,0.8531186524918278
560,4.880888263590227,2.780136964461094,0.8899083587243385
561,4.894478032506956,2.744525305008343,0.8814006922296752
562,4.884253421861769,2.6256765969070144,0.8538693583159418
563,4.871935570617298,2.621695093849928,0.8589455443908977
564,4.891462704841361,2.7841759920676834,0.8929447083606857
565,4.895455783279967,2.792543359339988,0.8892160429352296
566,4.8914916477509625,2.676767813845842,0.8676169717099628
567,4.872381257517858,2.632064719999277,0.8591000698934255
568,4.89166373839251,2.7207805121257014,0.8755599525868011
569,4.891216293730071,2.733963241857485,0.8790911226112377
570,4.8831056070939045,2.623006193166041,0.8555802171356048
571,4.874931111045911,2.676273845197646,0.8656143967617276
572,4.879704150763328,2.753284983969645,0.8841310659308891
573,4.880717807958764,2.801726654810781,0.896665339371701
574,4.876996087336869,2.7515550418381247,0.8867902000935799
575,4.876504082657423,2.6691720363275087,0.8719524127128725
576,4.873353611025077,2.591417749671201,0.8494142565850669
577,4.878378966158166,2.801763869297311,0.8940606573213096
578,4.89328266701389,2.7070482356248777,0.872269748976
579,4.880863932844283,2.6826052069210466,0.8671401248895144
580,4.874946568531945,2.6118855474141904,0.8511249415916796
581,4.891614661759118,2.719389024545893,0.8749418154517674
582,4.89621609382742,2.71408186960207,0.8792181279203136
583,4.892289859471419,2.656817215794421,0.8643078290119155
584,4.877215073311606,2.6989420153187544,0.872610230780129
585,4.890694919019565,2.6974427514537083,0.8714381425076776
586,4.8754109979711195,2.595940376702716,0.8474709056380075
587,4.891228792817974,2.744975987348312,0.8829782478481812
588,4.892074829214129,2.571903584333803,0.8450188106635153
589,4.874380092107172,2.66075580587901,0.8638713571339295
590,4.879130878526073,2.7642582714073898,0.8851508791380698
591,4.8795911481204275,2.662000516510638,0.8663842520027007
592,4.8908070721277435,2.6561330224002817,0.8621965443784254
593,4.894110527792088,2.669068316823016,0.8598730851164791
594,4.891442063735496,2.662055518780586,0.8646838428535251
595,4.887484619455625,2.7297511158530785,0.8756463661838424
596,4.8830517589186115,2.750033363063808,0.8839870212516728
597,4.891691215796716,2.824370759592972,0.9026247485622036
598,4.874588144314834,2.5877374889272686,0.8460855182460435
599,4.885234761464338,2.583597390077808,0.8482367068105603
600,4.879256329259193,2.6279244268168354,0.8531864648365698
601,4.878797920002115,2.7408922934287294,0.8834374207917257
602,4.874762996323316,2.7747239000192474,0.8870403138063184
603,4.889611107584825,2.753199325515995,0.8789889036472183
604,4.87616802314386,2.690435427410214,0.872185239907882
605,4.892356930897817,2.590346312193873,0.8462003994925154
606,4.896353505512181,2.6016533887372466,0.8497253250638348
607,4.872389192718862,2.6144347085923414,0.8563439754913192
608,4.884210475437928,2.6639792593025216,0.8676640770611284
609,4.890180348637034,2.70876530614412,0.8715856589864716
610,4.892055608226822,2.7261523824680585,0.8745102554572642
611,4.899291543803837,2.7859590802848593,0.8925231447435452
612,4.88336607168441,2.668638984614132,0.875940770729352
613,4.889610006589384,2.6699351634860666,0.8638691611702407
614,4.881201889452922,2.6056585082534554,0.8491947686954756
615,4.873690051380995,2.606995851606564,0.8466282659109506
616,4.875950041805676,2.6880390608628946,0.8649116503874698
617,4.890386986591644,2.728576018599603,0.8741254302039531
618,4.870534478540086,2.609817254548898,0.849946095242165
619,4.872962171462176,2.668369372022579,0.8594864374776017
620,4.882356345163771,2.7291331765818096,0.879567130079774
621,4.8732831935940295,2.592026719524803,0.8462000879839349
622,4.87800801459713,2.6911153891449513,0.8696769786129043
623,4.872419233681353,2.650021493401964,0.8608550710946353
624,4.87639298123518,2.62984195738049,0.8558594667477866
625,4.883359035847177,2.6873090887398523,0.8704026389056314
626,4.877634685621832,2.627964518799666,0.8550522557113152
627,4.881684617286205,2.6557615865717734,0.859264407153477
628,4.892422963312949,2.5608355445599575,0.8419347002392416
629,4.87969751769949,2.5254872436993585,0.8302230972251078
630,4.87563758492699,2.5225541549612682,0.8317187111768141
631,4.891226911442557,2.663236519975162,0.8611619174788847
632,4.877308827173159,2.7587435934461357,0.8860046410558166
633,4.872379222156241,2.636944565043364,0.8633752059239155
634,4.888950321095157,2.5155222599070672,0.829490419222235
635,4.872208604433317,2.6640704207343453,0.8662572784578068
636,4.8767171045352296,2.4985130598280816,0.8223587445951603
637,4.8742043188582755,2.637844367986643,0.8548386593022826
638,4.8890290419231,2.6101126178675402,0.8527800940124028
639,4.891136413030021,2.5989836547985834,0.8439713667821884
640,4.875446162562939,2.6064953304449485,0.8472783219349648
641,4.891007044600753,2.6148655554678877,0.8507415131121251
642,4.875482290642976,2.684592500448176,0.8680532665151713
643,4.889276939480647,2.5960420331445673,0.8418376376161398
644,4.872489479552287,2.4546798024316274,0.8146043065614793
645,4.87197049165766,2.477215333058106,0.8164450614689869
646,4.8774526066515715,2.6450471526396653,0.8600034159287263
647,4.876595435542871,2.5991563164958014,0.848957024695714
648,4.889387822965182,2.750785148439746,0.8812051422008106
649,4.8906409870499585,2.5520667856688886,0.8388705699192835
650,4.879457262402779,2.56527032737371,0.8402210115580234
651,4.8778328274405105,2.598396019945136,0.8461912780253249
652,4.875370418597418,2.620615639993412,0.8514045335116622
653,4.889108855672101,2.524475404054128,0.8296727720676034
654,4.874324875800157,2.587174113741844,0.8480684973441075
655,4.871510935176788,2.5460192725230786,0.831721190529409
656,4.887249047723115,2.60506705240545,0.8493523171847727
657,4.868700906166766,2.6407053993013223,0.8591084934378793
658,4.889288407660861,2.7194567544885317,0.8722002411789439
659,4.873984875620243,2.6990059486332774,0.8680700873627882
660,4.870304438576783,2.589637546507544,0.8441364368264068
661,4.8709781054060555,2.53832981528059,0.8326636166956564
662,4.874314088366377,2.5151404170531424,0.825391739844824
663,4.889011553525478,2.557021431465168,0.83684226246788
664,4.872618588190751,2.652957888306551,0.8590986785994886
665,4.872505151787625,2.5817155709231505,0.8425495272344026
666,4.889757101529173,2.5765481863675364,0.8401452976291036
667,4.887682127618396,2.6665745467267294,0.8638993804044943
668,4.87663473316068,2.4769728405232856,0.8173690950257781
669,4.869986206904113,2.556453789708312,0.8404410431434687
670,4.872917264965419,2.4994538200844363,0.8233927393167291
671,4.868755357211604,2.495032647958479,0.8224688631609377
672,4.872020371526596,2.448661968832668,0.811963057728039
673,4.890239301139467,2.378088566256652,0.7962656976705152
674,4.875088932571355,2.5289884468455726,0.8334577763929534
675,4.873422023332359,2.503689490368433,0.8251473339116967
676,4.890395428415957,2.5788758417156306,0.8388285767183518
677,4.874205053994649,2.5806379562754906,0.8438400435207696
678,4.872563520082632,2.5427730123827645,0.8288603174730973
679,4.8738271048537865,2.4843995795432434,0.8201806682315035
680,4.874726334380842,2.5161941807157024,0.8275508536585616
681,4.8782726293052185,2.5904036592247484,0.8415313773139417
682,4.890675095462071,2.5627519314258977,0.8389401309648498
683,4.872416516214073,2.5832342919976568,0.8380374570463203
684,4.872531049165667,2.4680262433938336,0.8145423095096714
685,4.872899185264247,2.402773488187089,0.7978327925989802
686,4.8880180982159915,2.532440820539792,0.8286853080079474
687,4.887624895450298,2.4824252607103037,0.8197920848018845
688,4.87411275536623,2.5749979836663153,0.8411485220341237
689,4.874459303752274,2.5623256446577183,0.8368397115655155
690,4.872535862324735,2.5214212920616554,0.8272260850958933
691,4.875010469096085,2.583280684528266,0.8414077424254984
692,4.87568582062404,2.526674129837702,0.8330334069930757
693,4.873961554746539,2.493460283586987,0.8201323331652615
694,4.869602713193739,2.5296526238485564,0.8289400202633568
695,4.876501463314838,2.62311700415052,0.8546643404734087
696,4.889350445682522,2.5044306867499633,0.8240728689088184
697,4.874016305481169,2.5108917520766636,0.8249489516988615
698,4.869683434566539,2.5223442577347712,0.8328403900032169
699,4.870141051328945,2.3900339621969238,0.801549398109943
700,4.887739559310039,2.5789034589187643,0.8410669698701063
701,4.870748427987102,2.3576062127155315,0.7912046030487675
702,4.8696016020081085,2.334592631737125,0.7819745873175072
703,4.889607036041166,2.628767292626044,0.8544296718025993
704,4.873900994936552,2.4510638128771007,0.8123353833943169
705,4.879588251288406,2.5268170227526303,0.8281725609965654
706,4.876549306629685,2.52395335268777,0.826643492806917
707,4.87175306285649,2.5100810807980105,0.8262010310795967
708,4.895665852395095,2.5429640445834663,0.8296017149534503
709,4.870020055367561,2.468919118923284,0.8143951940831371
710,4.889647355564255,2.549717173876195,0.833483132725686
711,4.887978260956009,2.569592710625407,0.8359892403137682
712,4.890686037257412,2.6076990169185708,0.8481942696076101
713,4.86970871237035,2.453049977825901,0.8134853714948134
714,4.888500692660077,2.533738530179359,0.8295392836589988
715,4.888083341920747,2.4984503879622593,0.8204796614089644
716,4.875872613971302,2.5337423691643037,0.8360493812415589
717,4.887839129163399,2.428841615105667,0.8054738550118817
718,4.871747061997344,2.439456293914924,0.8047653061607222
719,4.872867454596191,2.3693571002716847,0.7941893653937685
720,4.869221420607854,2.443297709057172,0.8091842384839307
721,4.871861041934335,2.4536157380984847,0.8107527059005915
722,4.872245374658322,2.4434659369512395,0.808521099583135
723,4.874570529469129,2.542062685528335,0.8305337023844346
724,4.871176967491533,2.3641828884334237,0.7897526902284412
725,4.873546816721777,2.3327714667968533,0.7805612063198603
726,4.870353455263244,2.416607235179803,0.8063789003037238
727,4.868757426576686,2.3943638221275867,0.796919723656819
728,4.870533342965723,2.4409305414516638,0.809635448903576
729,4.871544934540774,2.434317512320898,0.8029239150018807
730,4.886611922279583,2.5284574328370377,0.8262012515859067
731,4.870150812942123,2.357990342198628,0.7905556432036808
732,4.8869552059233525,2.4740068011382808,0.8166707490475678
733,4.870259198357315,2.4326156377948727,0.8053087871368425
734,4.867361790893253,2.429608341695587,0.8059684465177198
735,4.871968846755502,2.425761221738967,0.8063441437160038
736,4.87478819114685,2.4161805381764037,0.8031886592878033
737,4.887421011225829,2.3921437446917837,0.7987435884701239
738,4.888885469777445,2.425739762028277,0.8049114841548046
739,4.870713863830692,2.4253792848592997,0.8047323291920548
740,4.873595490147837,2.3689181372464865,0.78752625312442
741,4.871354094677864,2.4324994322839064,0.8076594533772391
742,4.871691352118148,2.3999474676981394,0.8003671327923154
743,4.88857957742287,2.446418416334355,0.8088783121142373
744,4.873210568311426,2.5156941128542716,0.8278376401976634
745,4.868572848960707,2.4784487969935416,0.8140055177776486
746,4.871537858181467,2.459170487826833,0.8092019596809795
747,4.870131059742807,2.5039863853068836,0.8252316223150041
748,4.872381377122098,2.4402873190133243,0.8027768545396753
749,4.873326307245181,2.474684359473754,0.8132308442462868
750,4.869221674492889,2.4322019081591395,0.8073816752082478
751,4.888483185216946,2.509876784270569,0.8216993112413107
752,4.87022887114745,2.445018944867408,0.8092464646615125
753,4.866676610542236,2.384023124246821,0.7934709363552803
754,4.886032302815697,2.4581456812833884,0.8102308659791002
755,4.870264077472273,2.340134757503194,0.7847353105809299
756,4.871439940906565,2.385107659831188,0.7968797713915962
757,4.86977219688787,2.4055858513265918,0.7993260259436616
758,4.867103179412651,2.393143490062022,0.7956531083097128
759,4.885358612551972,2.396114188897467,0.7972381968606417
760,4.8899900690427955,2.3867892517934264,0.795606310322598
761,4.870292483310186,2.3446673042944535,0.7860786659831738
762,4.868487159615634,2.449559702438384,0.8091998887547368
763,4.88833996172338,2.424785797811717,0.8061143652759563
764,4.870128982519934,2.4680406826115435,0.8115915836148653
765,4.885350728990573,2.477604924476643,0.8136107626258846
766,4.873299878322642,2.3299112140878657,0.781412653802039
767,4.86920666703068,2.3959048746225657,0.7994785687620372
768,4.888520087096158,2.4482289125675267,0.8091280016403588
769,4.870272445585171,2.3493937818010293,0.7826807349702477
770,4.869065639702906,2.437919382547602,0.807228956999339
771,4.870091681662989,2.3318273874992133,0.7770015362620674
772,4.869328305420551,2.3898540946240576,0.790473821438861
773,4.8702640105075865,2.3966583555714807,0.7913568033028237
774,4.871426257451773,2.3648069918360837,0.7921294633221251
775,4.887093410111094,2.3936982362190737,0.7924370729412177
776,4.869787913360608,2.431009528289594,0.8100165268655676
777,4.870220642591933,2.4421052182000937,0.8094691882991046
778,4.8689982046196745,2.4223038303305837,0.797062454747045
779,4.86947638236475,2.295286216295805,0.7759481730321725
780,4.869288486715456,2.333875309613728,0.7819912399839045
781,4.867484006994799,2.357534799347328,0.7902993793835027
782,4.868456189031073,2.3643398306606707,0.7900181543016004
783,4.868570048330132,2.4363591860026257,0.807641002369389
784,4.869686860520291,2.3695737972758124,0.7898196183958948
785,4.868207831531085,2.301877970799235,0.7742947470904816
786,4.8697438851660575,2.311657028056074,0.7754085749124495
787,4.866819547570448,2.245230278065604,0.7600231790484103
788,4.868997713760673,2.314903851102663,0.7793326174315006
789,4.866832075920159,2.428827979604153,0.8071465829147624
790,4.886397812081801,2.4320435874020956,0.804369742831313
791,4.874314371299771,2.3652331795739974,0.7865444553221865
792,4.86834498312727,2.340186261118517,0.7804908092520131
793,4.869301918665498,2.3602198336966245,0.788812789470014
794,4.867214583395077,2.3270242945415984,0.7782509908938537
795,4.875972355160164,2.4813410729108867,0.8127036414466174
796,4.873765136958372,2.405665228186234,0.7985602045946755
797,4.886681399915958,2.3992701018929052,0.7950268313723157
798,4.872144878720164,2.4592369431901404,0.8100194247236873
799,4.870697057289017,2.292011483154273,0.7714385499359561
800,4.885474417806472,2.4001695432868853,0.797816182453607
801,4.875082841308995,2.398720447464747,0.7949521088601255
802,4.868904270081458,2.3041859110303498,0.7753372446099663
803,4.884480937253523,2.3897158680133272,0.7947038866863017
804,4.8680581720866725,2.3715683070700155,0.7906777028275679
805,4.886539096347321,2.375874973425933,0.7915722490747751
806,4.87033048462376,2.3106286360278374,0.7738375924401644
807,4.8691141643714255,2.3202232176036,0.7762641770905915
808,4.869068773161897,2.3736096294389566,0.7865738395007007
809,4.871929323224367,2.295518832595982,0.7694911312111741
810,4.867363602641972,2.318172461962703,0.7764170088507721
811,4.869286662195842,2.357220162039769,0.784227311840332
812,4.889099210519558,2.415564010872281,0.7990616489854451
813,4.867560225047877,2.34456285604226,0.7834451498107583
814,4.8672799089741305,2.4145919338855757,0.7973874873910708
815,4.867870982490609,2.280248732369756,0.7697706133203368
816,4.883118017128366,2.401823383078707,0.7956268264491803
817,4.870119250896407,2.351871123936511,0.7835319056828585
818,4.867107582961874,2.39495624296606,0.7927013911347495
819,4.878339110663552,2.3230809048725476,0.7761767860669536
820,4.869184162454102,2.2875991099778643,0.7668613465573628
821,4.868305249099797,2.317953694324571,0.7789559819988481
822,4.867449051138875,2.2416534252240643,0.7570968760944241
823,4.867018885213093,2.3148446331434527,0.7750748654060771
824,4.86995522516359,2.3291698587139353,0.7781025120045734
825,4.884299371378991,2.3063461634949176,0.7695269610310727
826,4.86725394566661,2.2910664102749587,0.7682119718226678
827,4.883534361291287,2.3234293313198497,0.7783249378603628
828,4.867634537610559,2.356792829543108,0.7834951045261432
829,4.883043289056527,2.2833522233244725,0.7664432285367361
830,4.883851173191797,2.3695094101196457,0.7860597645925013
831,4.867069385385018,2.34793576245536,0.7866834334231821
832,4.868725913825456,2.353375387534338,0.785084314762728
833,4.868831339410679,2.312904977376725,0.7737329350924763
834,4.867217758021302,2.365338238262372,0.7877175517077801
835,4.86775273238638,2.2537944455143384,0.7602801437721164
836,4.884175081167425,2.3094695673199865,0.774684249684645
837,4.867186225442308,2.4524264272295415,0.8112702155107517
838,4.870006790964158,2.2903835296771886,0.7686955442953766
839,4.870765622795568,2.2766541014648665,0.7635652890329973
840,4.886762616077766,2.3371427712542423,0.778819992520985
841,4.867367384307399,2.3563790092952415,0.7839472363686821
842,4.867566978862755,2.2156022503191477,0.7520029409361367
843,4.867224726914644,2.3243009303351228,0.7812723694706991
844,4.890018677940897,2.354509341944558,0.7838250287632985
845,4.865597864722633,2.2868524555260503,0.768702067391735
846,4.866253608037588,2.312141802628247,0.7751962176434203
847,4.866353924074138,2.2750286452643422,0.7677957291336731
848,4.8822051578102625,2.358231240883989,0.7864396268079848
849,4.88367526725956,2.31932353333125,0.778101606587777
850,4.868402334923205,2.27105100155096,0.7635616146655477
851,4.866263432074679,2.255090953973458,0.760511055182625
852,4.86718048332846,2.334133131912447,0.7777683324774404
853,4.869125199495931,2.215512704020936,0.7529820950758433
854,4.8661256943121485,2.319193393925529,0.7752847785685691
855,4.8675906956064185,2.1985319901036395,0.7451193064716801
856,4.8653242112124815,2.2472093250806475,0.7597316037174172
857,4.866867008746491,2.2478723939758956,0.759105551043438
858,4.868333565022556,2.293913227390811,0.7674804895071425
859,4.867855486584451,2.254149728296362,0.7599052568367242
860,4.866290349243466,2.215500917074777,0.752874084557774
861,4.867175151853199,2.2268122278193077,0.7529412643092298
862,4.8696352024956315,2.2568351049146966,0.7621065221473027
863,4.869717742277758,2.257543738400859,0.7629434173629651
864,4.868114201987698,2.2814988660474658,0.7664645117215291
865,4.867698272111066,2.1916526745610656,0.7456736171870414
866,4.8663202197881406,2.2564517279398855,0.7621275835426901
867,4.8849710456970605,2.34958162224027,0.7829720659286835
868,4.884438441006626,2.216672054382464,0.7513699836216066
869,4.870404924460137,2.392343233970137,0.793517727737264
870,4.8679615584622935,2.2526840779217503,0.7607839145428137
871,4.8669841890495285,2.2131968305028162,0.7515833828394356
872,4.864875998396097,2.319792877863989,0.7755975750212876
873,4.868039644347958,2.288350646913098,0.7646768959999891
874,4.866923085152029,2.1940301372722755,0.7454245085259452
875,4.865480113481137,2.26959127070083,0.7623102394495446
876,4.883490208053306,2.2638392247185575,0.7628934439123555
877,4.86788246352316,2.3200380405440346,0.7759910774038477
878,4.8664495398225265,2.2735942985490425,0.7635062598533651
879,4.867304234716491,2.2213621251183757,0.7565746430255006
880,4.867111844161956,2.243141032791188,0.7562196316148673
881,4.8686983965929995,2.2913192474642177,0.7668903905129627
882,4.867248924261218,2.2412281096609066,0.7527661315332821
883,4.883860251035535,2.272575718264805,0.7640594183356267
884,4.867055546357966,2.2731266632402813,0.7673078307762431
885,4.864905528343889,2.2110056584060587,0.7517548232396122
886,4.867097470057134,2.222418063069475,0.754596174960901
887,4.866817479058848,2.267009786122136,0.7619290275293354
888,4.867823809733238,2.2472083820340543,0.7598868024994764
889,4.866978466992516,2.203627494955366,0.746768478090323
890,4.865331631023681,2.2660156262320026,0.7623354625406953
891,4.866638397782978,2.235730006156932,0.7541084024613409
892,4.865806219556154,2.266429356706413,0.7642707747086303
893,4.866838436350306,2.227534403533513,0.7524074187401872
894,4.883384433570914,2.2603607717569054,0.7652967389978083
895,4.8667669131098155,2.233137527104342,0.7560557847820936
896,4.865826519932013,2.205137833560819,0.7498308128400641
897,4.865587078252529,2.1648613768174143,0.7392937884564802
898,4.866184357110041,2.1826291949231345,0.7434009482817373
899,4.866227905219804,2.287242220602853,0.7651462179539549
900,4.866135981461933,2.152845916124296,0.736298978590938
901,4.86761770909497,2.2347561686768507,0.7508438058676166
902,4.8833062476255265,2.2187234667594424,0.7478112058742864
903,4.867029773965416,2.210834480816606,0.74966287554743
904,4.867870075825138,2.2757200321802546,0.7640841869273951
905,4.873760630293669,2.232302650852682,0.7555187354481586
906,4.865076286810312,2.2529603391748902,0.7619715199857999
907,4.867760669103215,2.1820118894721503,0.7427115202768504
908,4.88151063780184,2.2196743488586423,0.74826823597596
909,4.864944649264613,2.198236584908966,0.7462099306911062
910,4.86597988646991,2.201877732021807,0.7452418858661444
911,4.864939514721323,2.1847654967692027,0.7418702769591992
912,4.866426456681297,2.2206206861211117,0.7517437532703013
913,4.867681974406539,2.199338740037426,0.7487226806965918
914,4.864651371215438,2.1983449257157446,0.7448386864578108
915,4.8659071735091475,2.2703298021968346,0.7615287240537042
916,4.866850541758195,2.1260090197449504,0.7291242981266062
917,4.867105516815307,2.1650083872318073,0.7397943983870531
918,4.865981225307682,2.2630463166944894,0.7597114032346376
919,4.885476600963847,2.2176225809560086,0.7486050781387626
920,4.8685043940669654,2.23295310827002,0.7566956941669859
921,4.865134714768877,2.2704511293560103,0.7615391879848082
922,4.882334102654408,2.1914559499646895,0.7431118707258026
923,4.866788977376644,2.1690378807387916,0.7370667934822113
924,4.865496487273483,2.2227443182427913,0.7514355775311575
925,4.866555357267814,2.173184683702074,0.7404110123782999
926,4.86640408552266,2.1809685872883713,0.7399451309491514
927,4.866058311042223,2.1928896463452454,0.7456499346877784
928,4.867296357461343,2.1844391810358044,0.7449615539394596
929,4.884046023447109,2.1618925591919274,0.7364786995408186
930,4.865555176901007,2.2028201292414473,0.7480309830860271
931,4.866793628975709,2.1763461691164587,0.7388253925385211
932,4.8642405436177585,2.1506843059750858,0.7328340178259954
933,4.8828666521989526,2.191987568136356,0.7450769995080566
934,4.865840230065084,2.1929324269328743,0.7437062049954585
935,4.866491585097767,2.162331378877776,0.7361097302596544
936,4.866702394610652,2.150711692854649,0.7329172822872615
937,4.865101403736501,2.1843398258697144,0.7421411105583922
938,4.8643989517752395,2.1210146171111814,0.7248992291854509
939,4.865426327785911,2.1260506767513094,0.7272849266718687
940,4.88188393306849,2.235114761300324,0.7521823165215779
941,4.88205394670724,2.188624962311323,0.742939995911699
942,4.865541676491334,2.1776115529504705,0.7389340986919389
943,4.881634191347905,2.177295066100006,0.7390062074350906
944,4.865084628982278,2.1806193009399926,0.7391136202838613
945,4.865526149035949,2.215957834806835,0.7490952980200849
946,4.881178956116673,2.1426817558594666,0.729961946807537
947,4.865688590941487,2.2228147142887917,0.7515587754798879
948,4.865304187190632,2.1539684820344447,0.7360774137517552
949,4.866077552432314,2.134310235526229,0.7300814820436122
950,4.866437879418988,2.1210893723618285,0.7259561547207973
951,4.864777104764032,2.1847534219036717,0.7397631134899213
952,4.865243306877803,2.111034821059861,0.7233094252846386
953,4.865710655847214,2.159899215542295,0.7366077584769736
954,4.864149116944501,2.1372205868584255,0.7307505363763931
955,4.865169805135042,2.121489803694407,0.7263451558854331
956,4.865539460012306,2.166866872730251,0.7379028073429834
957,4.865740749134175,2.1163128461088756,0.7247145701130131
958,4.86623361498064,2.1334926771119016,0.7292310694201415
959,4.864602471565916,2.1160942299442183,0.7243342345538716
960,4.864259057298944,2.1136346933684385,0.723817723442872
961,4.865300912185311,2.136144393827978,0.730019211711822
962,4.865283739200078,2.1132497896071527,0.7235063007352184
963,4.864066352255957,2.133419596381629,0.7289694358371
964,4.86402142423937,2.1433434247074583,0.7306681890206563
965,4.865013799055658,2.143700092408103,0.731202608759301
966,4.865522071780687,2.136961032132606,0.7290440833467834
967,4.8634598246933,2.152057091731444,0.7341299840180777
968,4.864997267800783,2.111527816932139,0.7234894429867236
969,4.865318080395911,2.1382461709861045,0.7283758889970144
970,4.865755592027907,2.1400485578550104,0.7280228587879402
971,4.865177504915065,2.121520108243063,0.7268170574036926
972,4.865662955335352,2.122085297833342,0.7267391219142855
973,4.863956550517077,2.132649711904516,0.7264980736069988
974,4.865183482909568,2.17984284123631,0.7401540821654101
975,4.86551952873148,2.1598548576084844,0.737741316384022
976,4.864834289381952,2.144121723720335,0.730601861302118
977,4.865025314957998,2.132763615558319,0.7276001536383259
978,4.864989197627447,2.1067413123084804,0.7219806780970225
979,4.865806154974733,2.1339238792277673,0.7297100415877344
980,4.865067092010085,2.134577870680453,0.7272858036195349
981,4.865246620713853,2.1297131047235056,0.7288068027894669
982,4.865420792042171,2.1068958270962406,0.722167840140082
983,4.881888106774363,2.156308405889652,0.7328063850787638
984,4.865089827893865,2.1063215351635463,0.7218694239468983
985,4.865000641482594,2.1518045810345456,0.7331394261341679
986,4.865212587726047,2.1258576314570736,0.727502717675095
987,4.8648384926656725,2.1249744794897776,0.727150022295652
988,4.8651097163073995,2.1066645759788516,0.7218176087771945
989,4.864751320811949,2.114553643845933,0.7236219405707301
990,4.863599840865928,2.1115799704678033,0.7218935928682423
991,4.863507074272851,2.113432705711089,0.7232575100683787
992,4.86480931490631,2.1037892700447838,0.7210165003361789
993,4.864922972394108,2.106142978688905,0.7215042191783
994,4.864776983688131,2.1096314014252213,0.7224844849882978
995,4.864705813768813,2.103836969477066,0.7209477264515791
996,4.86469538615763,2.104326995052302,0.7210885475519812
997,4.864685124524204,2.104014029878678,0.7209486132673838
998,4.8647831066109015,2.104356327313638,0.7210932705708244
999,4.864667302342181,2.1039392131077372,0.7209261497285505
